time_s,cmd_x,cmd_y,actual_x,actual_y
0.000207,200.000,400.000,200.000,400.000
0.001132,200.000,0.000,200.000,4.131
0.052398,205.063,0.000,202.736,4.131
0.103842,210.127,0.000,206.747,4.131
0.155021,215.190,0.000,211.347,4.131
0.206831,220.253,0.000,216.219,4.131
0.257813,225.316,0.000,221.213,4.131
0.308687,230.380,0.000,226.252,4.131
0.359770,235.443,0.000,231.312,4.131
0.411214,240.506,0.000,236.375,4.131
0.462805,245.570,0.000,241.438,4.131
0.514802,250.633,0.000,246.502,4.131
0.566084,255.696,0.000,251.565,4.131
0.617372,260.759,0.000,256.628,4.131
0.668800,265.823,0.000,261.692,4.131
0.720322,270.886,0.000,266.755,4.131
0.771434,275.949,0.000,271.818,4.131
0.822705,281.013,0.000,276.882,4.131
0.875928,286.076,0.000,281.945,4.131
0.927167,291.139,0.000,287.008,4.131
0.978338,296.203,0.000,292.071,4.131
1.029641,301.266,0.000,297.135,4.131
1.080813,306.329,0.000,302.198,4.131
1.132147,311.392,0.000,307.261,4.131
1.183207,316.456,0.000,312.325,4.131
1.236646,321.519,0.000,317.388,4.131
1.287935,326.582,0.000,322.451,4.131
1.339320,331.646,0.000,327.514,4.131
1.390817,336.709,0.000,332.578,4.131
1.442008,341.772,0.000,337.641,4.131
1.493623,346.835,0.000,342.704,4.131
1.545283,351.899,0.000,347.768,4.131
1.597003,356.962,0.000,352.831,4.131
1.647979,362.025,0.000,357.894,4.131
1.699270,367.089,0.000,362.957,4.131
1.750662,372.152,0.000,368.021,4.131
1.802699,377.215,0.000,373.084,4.131
1.853761,382.278,0.000,378.147,4.131
1.904690,387.342,0.000,383.211,4.131
1.956260,392.405,0.000,388.274,4.131
2.007839,397.468,0.000,393.337,4.131
2.058937,402.532,0.000,398.401,4.131
2.110348,407.595,0.000,403.464,4.131
2.161661,412.658,0.000,408.527,4.131
2.212901,417.722,0.000,413.590,4.131
2.264132,422.785,0.000,418.654,4.131
2.315003,427.848,0.000,423.717,4.131
2.366075,432.911,0.000,428.780,4.131
2.417189,437.975,0.000,433.844,4.131
2.468347,443.038,0.000,438.907,4.131
2.519451,448.101,0.000,443.970,4.131
2.570417,453.165,0.000,449.033,4.131
2.621505,458.228,0.000,454.097,4.131
2.672468,463.291,0.000,459.160,4.131
2.723556,468.354,0.000,464.223,4.131
2.774575,473.418,0.000,469.287,4.131
2.825495,478.481,0.000,474.350,4.131
2.876782,483.544,0.000,479.413,4.131
2.927890,488.608,0.000,484.476,4.131
2.979097,493.671,0.000,489.540,4.131
3.030244,498.734,0.000,494.603,4.131
3.081038,503.797,0.000,499.666,4.131
3.131807,508.861,0.000,504.730,4.131
3.182934,513.924,0.000,509.793,4.131
3.233885,518.987,0.000,514.856,4.131
3.284761,524.051,0.000,519.919,4.131
3.335804,529.114,0.000,524.983,4.131
3.386967,534.177,0.000,530.046,4.131
3.437721,539.241,0.000,535.109,4.131
3.489443,544.304,0.000,540.173,4.131
3.540672,549.367,0.000,545.236,4.131
3.591865,554.430,0.000,550.299,4.131
3.643374,559.494,0.000,555.363,4.131
3.694917,564.557,0.000,560.426,4.131
3.746206,569.620,0.000,565.489,4.131
3.797417,574.684,0.000,570.552,4.131
3.848624,579.747,0.000,575.616,4.131
3.899800,584.810,0.000,580.679,4.131
3.951231,589.873,0.000,585.742,4.131
4.002576,594.937,0.000,590.806,4.131
4.053946,600.000,0.000,595.869,4.131
4.105106,600.000,0.000,595.869,4.131
4.156296,594.937,0.000,593.399,4.131
4.207157,589.873,0.000,590.397,4.131
4.258559,584.810,0.000,586.659,4.131
4.309443,579.747,0.000,582.374,4.131
4.360219,574.684,0.000,577.898,4.131
4.411362,569.620,0.000,573.175,4.131
4.462997,564.557,0.000,568.335,4.131
4.514044,559.494,0.000,563.431,4.131
4.565325,554.430,0.000,558.449,4.131
4.616101,549.367,0.000,553.442,4.131
4.667396,544.304,0.000,548.414,4.131
4.718531,539.241,0.000,543.364,4.131
4.769336,534.177,0.000,538.308,4.131
4.820374,529.114,0.000,533.245,4.131
4.871933,524.051,0.000,528.182,4.131
4.923284,518.987,0.000,523.118,4.131
4.974025,513.924,0.000,518.055,4.131
5.025125,508.861,0.000,512.992,4.131
5.075914,503.797,0.000,507.929,4.131
5.127255,498.734,0.000,502.865,4.131
5.178296,493.671,0.000,497.802,4.131
5.229720,488.608,0.000,492.739,4.131
5.280828,483.544,0.000,487.675,4.131
5.332130,478.481,0.000,482.612,4.131
5.383392,473.418,0.000,477.549,4.131
5.434474,468.354,0.000,472.486,4.131
5.485660,463.291,0.000,467.422,4.131
5.537373,458.228,0.000,462.359,4.131
5.588739,453.165,0.000,457.296,4.131
5.640067,448.101,0.000,452.232,4.131
5.691664,443.038,0.000,447.169,4.131
5.743177,437.975,0.000,442.106,4.131
5.794060,432.911,0.000,437.043,4.131
5.845439,427.848,0.000,431.979,4.131
5.896824,422.785,0.000,426.916,4.131
5.948495,417.722,0.000,421.853,4.131
5.999893,412.658,0.000,416.789,4.131
6.051141,407.595,0.000,411.726,4.131
6.102171,402.532,0.000,406.663,4.131
6.153950,397.468,0.000,401.599,4.131
6.205614,392.405,0.000,396.536,4.131
6.256777,387.342,0.000,391.473,4.131
6.307622,382.278,0.000,386.410,4.131
6.359305,377.215,0.000,381.346,4.131
6.410395,372.152,0.000,376.283,4.131
6.461471,367.089,0.000,371.220,4.131
6.512952,362.025,0.000,366.156,4.131
6.564821,356.962,0.000,361.093,4.131
6.615885,351.899,0.000,356.030,4.131
6.666913,346.835,0.000,350.967,4.131
6.717689,341.772,0.000,345.903,4.131
6.768609,336.709,0.000,340.840,4.131
6.819541,331.646,0.000,335.777,4.131
6.870435,326.582,0.000,330.713,4.131
6.921761,321.519,0.000,325.650,4.131
6.973427,316.456,0.000,320.587,4.131
7.024974,311.392,0.000,315.524,4.131
7.076229,306.329,0.000,310.460,4.131
7.127531,301.266,0.000,305.397,4.131
7.178911,296.203,0.000,300.334,4.131
7.230342,291.139,0.000,295.270,4.131
7.281851,286.076,0.000,290.207,4.131
7.333170,281.013,0.000,285.144,4.131
7.384255,275.949,0.000,280.081,4.131
7.435707,270.886,0.000,275.017,4.131
7.487049,265.823,0.000,269.954,4.131
7.538463,260.759,0.000,264.891,4.131
7.589457,255.696,0.000,259.827,4.131
7.640913,250.633,0.000,254.764,4.131
7.692225,245.570,0.000,249.701,4.131
7.743507,240.506,0.000,244.637,4.131
7.794676,235.443,0.000,239.574,4.131
7.846256,230.380,0.000,234.511,4.131
7.897280,225.316,0.000,229.448,4.131
7.948360,220.253,0.000,224.384,4.131
7.999643,215.190,0.000,219.321,4.131
8.050978,210.127,0.000,214.258,4.131
8.101978,205.063,0.000,209.194,4.131
8.153381,200.000,0.000,204.131,4.131
8.204783,200.000,400.000,200.000,400.000
8.205556,200.000,0.000,200.000,4.131
8.231423,205.063,0.000,202.736,4.131
8.257221,210.127,0.000,206.747,4.131
8.283357,215.190,0.000,211.347,4.131
8.309159,220.253,0.000,216.219,4.131
8.335813,225.316,0.000,221.213,4.131
8.361938,230.380,0.000,226.252,4.131
8.387700,235.443,0.000,231.312,4.131
8.413535,240.506,0.000,236.375,4.131
8.439921,245.570,0.000,241.438,4.131
8.466377,250.633,0.000,246.502,4.131
8.492224,255.696,0.000,251.565,4.131
8.518623,260.759,0.000,256.628,4.131
8.544649,265.823,0.000,261.692,4.131
8.570954,270.886,0.000,266.755,4.131
8.597059,275.949,0.000,271.818,4.131
8.623401,281.013,0.000,276.882,4.131
8.650025,286.076,0.000,281.945,4.131
8.676576,291.139,0.000,287.008,4.131
8.703273,296.203,0.000,292.071,4.131
8.729388,301.266,0.000,297.135,4.131
8.755466,306.329,0.000,302.198,4.131
8.781348,311.392,0.000,307.261,4.131
8.807762,316.456,0.000,312.325,4.131
8.833759,321.519,0.000,317.388,4.131
8.859554,326.582,0.000,322.451,4.131
8.886040,331.646,0.000,327.514,4.131
8.912324,336.709,0.000,332.578,4.131
8.938637,341.772,0.000,337.641,4.131
8.964719,346.835,0.000,342.704,4.131
8.990531,351.899,0.000,347.768,4.131
9.016395,356.962,0.000,352.831,4.131
9.042269,362.025,0.000,357.894,4.131
9.068211,367.089,0.000,362.957,4.131
9.094679,372.152,0.000,368.021,4.131
9.120748,377.215,0.000,373.084,4.131
9.146947,382.278,0.000,378.147,4.131
9.172933,387.342,0.000,383.211,4.131
9.198984,392.405,0.000,388.274,4.131
9.224608,397.468,0.000,393.337,4.131
9.251196,402.532,0.000,398.401,4.131
9.277751,407.595,0.000,403.464,4.131
9.303920,412.658,0.000,408.527,4.131
9.330147,417.722,0.000,413.590,4.131
9.356227,422.785,0.000,418.654,4.131
9.382693,427.848,0.000,423.717,4.131
9.408889,432.911,0.000,428.780,4.131
9.434938,437.975,0.000,433.844,4.131
9.460974,443.038,0.000,438.907,4.131
9.487747,448.101,0.000,443.970,4.131
9.513962,453.165,0.000,449.033,4.131
9.540005,458.228,0.000,454.097,4.131
9.566457,463.291,0.000,459.160,4.131
9.592746,468.354,0.000,464.223,4.131
9.618844,473.418,0.000,469.287,4.131
9.645431,478.481,0.000,474.350,4.131
9.671823,483.544,0.000,479.413,4.131
9.697885,488.608,0.000,484.476,4.131
9.723948,493.671,0.000,489.540,4.131
9.750675,498.734,0.000,494.603,4.131
9.776721,503.797,0.000,499.666,4.131
9.802735,508.861,0.000,504.730,4.131
9.829429,513.924,0.000,509.793,4.131
9.855248,518.987,0.000,514.856,4.131
9.881299,524.051,0.000,519.919,4.131
9.906924,529.114,0.000,524.983,4.131
9.933319,534.177,0.000,530.046,4.131
9.959991,539.241,0.000,535.109,4.131
9.986448,544.304,0.000,540.173,4.131
10.012497,549.367,0.000,545.236,4.131
10.038443,554.430,0.000,550.299,4.131
10.064730,559.494,0.000,555.363,4.131
10.091046,564.557,0.000,560.426,4.131
10.117412,569.620,0.000,565.489,4.131
10.143686,574.684,0.000,570.552,4.131
10.170072,579.747,0.000,575.616,4.131
10.196448,584.810,0.000,580.679,4.131
10.222775,589.873,0.000,585.742,4.131
10.248930,594.937,0.000,590.806,4.131
10.275167,600.000,0.000,595.869,4.131
10.301304,600.000,0.000,595.869,4.131
10.327845,594.937,0.000,593.399,4.131
10.353963,589.873,0.000,590.397,4.131
10.379915,584.810,0.000,586.659,4.131
10.405929,579.747,0.000,582.374,4.131
10.432203,574.684,0.000,577.898,4.131
10.458282,569.620,0.000,573.175,4.131
10.484836,564.557,0.000,568.335,4.131
10.511433,559.494,0.000,563.431,4.131
10.537816,554.430,0.000,558.449,4.131
10.563773,549.367,0.000,553.442,4.131
10.589810,544.304,0.000,548.414,4.131
10.616251,539.241,0.000,543.364,4.131
10.642642,534.177,0.000,538.308,4.131
10.668893,529.114,0.000,533.245,4.131
10.695096,524.051,0.000,528.182,4.131
10.721327,518.987,0.000,523.118,4.131
10.747420,513.924,0.000,518.055,4.131
10.773559,508.861,0.000,512.992,4.131
10.799520,503.797,0.000,507.929,4.131
10.825699,498.734,0.000,502.865,4.131
10.852480,493.671,0.000,497.802,4.131
10.878847,488.608,0.000,492.739,4.131
10.904978,483.544,0.000,487.675,4.131
10.930953,478.481,0.000,482.612,4.131
10.957161,473.418,0.000,477.549,4.131
10.983698,468.354,0.000,472.486,4.131
11.009935,463.291,0.000,467.422,4.131
11.036121,458.228,0.000,462.359,4.131
11.062221,453.165,0.000,457.296,4.131
11.088241,448.101,0.000,452.232,4.131
11.114307,443.038,0.000,447.169,4.131
11.140470,437.975,0.000,442.106,4.131
11.166334,432.911,0.000,437.043,4.131
11.192708,427.848,0.000,431.979,4.131
11.219442,422.785,0.000,426.916,4.131
11.245470,417.722,0.000,421.853,4.131
11.271470,412.658,0.000,416.789,4.131
11.297204,407.595,0.000,411.726,4.131
11.323159,402.532,0.000,406.663,4.131
11.349580,397.468,0.000,401.599,4.131
11.375691,392.405,0.000,396.536,4.131
11.401949,387.342,0.000,391.473,4.131
11.428138,382.278,0.000,386.410,4.131
11.454462,377.215,0.000,381.346,4.131
11.480421,372.152,0.000,376.283,4.131
11.507002,367.089,0.000,371.220,4.131
11.532752,362.025,0.000,366.156,4.131
11.558870,356.962,0.000,361.093,4.131
11.584998,351.899,0.000,356.030,4.131
11.611090,346.835,0.000,350.967,4.131
11.636806,341.772,0.000,345.903,4.131
11.662843,336.709,0.000,340.840,4.131
11.689097,331.646,0.000,335.777,4.131
11.715408,326.582,0.000,330.713,4.131
11.741699,321.519,0.000,325.650,4.131
11.768137,316.456,0.000,320.587,4.131
11.794398,311.392,0.000,315.524,4.131
11.820319,306.329,0.000,310.460,4.131
11.846137,301.266,0.000,305.397,4.131
11.872406,296.203,0.000,300.334,4.131
11.898085,291.139,0.000,295.270,4.131
11.924625,286.076,0.000,290.207,4.131
11.951189,281.013,0.000,285.144,4.131
11.978176,275.949,0.000,280.081,4.131
12.004411,270.886,0.000,275.017,4.131
12.030325,265.823,0.000,269.954,4.131
12.056540,260.759,0.000,264.891,4.131
12.082904,255.696,0.000,259.827,4.131
12.109011,250.633,0.000,254.764,4.131
12.135308,245.570,0.000,249.701,4.131
12.161289,240.506,0.000,244.637,4.131
12.187610,235.443,0.000,239.574,4.131
12.214108,230.380,0.000,234.511,4.131
12.240547,225.316,0.000,229.448,4.131
12.266479,220.253,0.000,224.384,4.131
12.292418,215.190,0.000,219.321,4.131
12.318919,210.127,0.000,214.258,4.131
12.344626,205.063,0.000,209.194,4.131
12.370569,200.000,0.000,204.131,4.131
12.397119,200.000,400.000,200.000,400.000
12.397910,200.000,0.000,200.000,4.131
12.449605,206.723,0.000,203.961,4.131
12.501363,213.445,0.000,209.720,4.131
12.552449,220.168,0.000,216.135,4.131
12.603887,226.891,0.000,222.777,4.131
12.654853,233.613,0.000,229.482,4.131
12.705809,240.336,0.000,236.205,4.131
12.756734,247.059,0.000,242.928,4.131
12.808178,253.782,0.000,249.650,4.131
12.859448,260.504,0.000,256.373,4.131
12.910613,267.227,0.000,263.096,4.131
12.961571,273.950,0.000,269.818,4.131
13.012961,280.672,0.000,276.541,4.131
13.064390,287.395,0.000,283.264,4.131
13.116061,294.118,0.000,289.987,4.131
13.166997,300.840,0.000,296.709,4.131
13.218569,307.563,0.000,303.432,4.131
13.270180,314.286,0.000,310.155,4.131
13.321488,321.008,0.000,316.877,4.131
13.372473,327.731,0.000,323.600,4.131
13.423972,334.454,0.000,330.323,4.131
13.475341,341.176,0.000,337.045,4.131
13.526587,347.899,0.000,343.768,4.131
13.577645,354.622,0.000,350.491,4.131
13.629285,361.345,0.000,357.213,4.131
13.680654,368.067,0.000,363.936,4.131
13.732195,374.790,0.000,370.659,4.131
13.783226,381.513,0.000,377.381,4.131
13.834410,388.235,0.000,384.104,4.131
13.885431,394.958,0.000,390.827,4.131
13.936739,401.681,0.000,397.550,4.131
13.988020,408.403,0.000,404.272,4.131
14.039024,415.126,0.000,410.995,4.131
14.090504,421.849,0.000,417.718,4.131
14.142020,428.571,0.000,424.440,4.131
14.193549,435.294,0.000,431.163,4.131
14.244379,442.017,0.000,437.886,4.131
14.295137,448.739,0.000,444.608,4.131
14.346137,455.462,0.000,451.331,4.131
14.397313,462.185,0.000,458.054,4.131
14.448374,468.908,0.000,464.776,4.131
14.499865,475.630,0.000,471.499,4.131
14.550839,482.353,0.000,478.222,4.131
14.601585,489.076,0.000,484.944,4.131
14.652452,495.798,0.000,491.667,4.131
14.703907,502.521,0.000,498.390,4.131
14.755023,509.244,0.000,505.113,4.131
14.806265,515.966,0.000,511.835,4.131
14.857549,522.689,0.000,518.558,4.131
14.908620,529.412,0.000,525.281,4.131
14.959872,536.134,0.000,532.003,4.131
15.011138,542.857,0.000,538.726,4.131
15.062225,549.580,0.000,545.449,4.131
15.113284,556.303,0.000,552.171,4.131
15.164543,563.025,0.000,558.894,4.131
15.215680,569.748,0.000,565.617,4.131
15.266951,576.471,0.000,572.339,4.131
15.318107,583.193,0.000,579.062,4.131
15.369737,589.916,0.000,585.785,4.131
15.420856,596.639,0.000,592.508,4.131
15.472237,603.361,0.000,599.230,4.131
15.523361,610.084,0.000,605.953,4.131
15.574612,616.807,0.000,612.676,4.131
15.626019,623.529,0.000,619.398,4.131
15.677546,630.252,0.000,626.121,4.131
15.728738,636.975,0.000,632.844,4.131
15.779597,643.697,0.000,639.566,4.131
15.830763,650.420,0.000,646.289,4.131
15.881787,657.143,0.000,653.012,4.131
15.933236,663.866,0.000,659.734,4.131
15.984627,670.588,0.000,666.457,4.131
16.036031,677.311,0.000,673.180,4.131
16.087561,684.034,0.000,679.902,4.131
16.138351,690.756,0.000,686.625,4.131
16.189716,697.479,0.000,693.348,4.131
16.240751,704.202,0.000,700.071,4.131
16.292039,710.924,0.000,706.793,4.131
16.343222,717.647,0.000,713.516,4.131
16.394567,724.370,0.000,720.239,4.131
16.445865,731.092,0.000,726.961,4.131
16.496963,737.815,0.000,733.684,4.131
16.549053,744.538,0.000,740.407,4.131
16.600489,751.261,0.000,747.129,4.131
16.651501,757.983,0.000,753.852,4.131
16.702165,764.706,0.000,760.575,4.131
16.753939,771.429,0.000,767.297,4.131
16.804929,778.151,0.000,774.020,4.131
16.856183,784.874,0.000,780.743,4.131
16.907224,791.597,0.000,787.466,4.131
16.958484,798.319,0.000,794.188,4.131
17.009290,805.042,0.000,800.911,4.131
17.060263,811.765,0.000,807.634,4.131
17.111220,818.487,0.000,814.356,4.131
17.162444,825.210,0.000,821.079,4.131
17.213655,831.933,0.000,827.802,4.131
17.264995,838.655,0.000,834.524,4.131
17.315823,845.378,0.000,841.247,4.131
17.366948,852.101,0.000,847.970,4.131
17.417864,858.824,0.000,854.692,4.131
17.468832,865.546,0.000,861.415,4.131
17.519874,872.269,0.000,868.138,4.131
17.570844,878.992,0.000,874.860,4.131
17.622079,885.714,0.000,881.583,4.131
17.672995,892.437,0.000,888.306,4.131
17.724493,899.160,0.000,895.029,4.131
17.775640,905.882,0.000,901.751,4.131
17.827156,912.605,0.000,908.474,4.131
17.878277,919.328,0.000,915.197,4.131
17.929450,926.050,0.000,921.919,4.131
17.980691,932.773,0.000,928.642,4.131
18.031734,939.496,0.000,935.365,4.131
18.082947,946.218,0.000,942.087,4.131
18.133671,952.941,0.000,948.810,4.131
18.184708,959.664,0.000,955.533,4.131
18.235779,966.387,0.000,962.255,4.131
18.286929,973.109,0.000,968.978,4.131
18.337929,979.832,0.000,975.701,4.131
18.389341,986.555,0.000,982.423,4.131
18.440453,993.277,0.000,989.146,4.131
18.491773,1000.000,0.000,995.869,4.131
18.542702,1000.000,0.000,995.869,4.131
18.593916,993.277,0.000,992.590,4.131
18.644867,986.555,0.000,987.947,4.131
18.695790,979.832,0.000,982.448,4.131
18.746579,973.109,0.000,976.430,4.131
18.797660,966.387,0.000,970.104,4.131
18.848809,959.664,0.000,963.599,4.131
18.900352,952.941,0.000,956.983,4.131
18.951644,946.218,0.000,950.315,4.131
19.002787,939.496,0.000,943.619,4.131
19.054042,932.773,0.000,936.904,4.131
19.105141,926.050,0.000,930.182,4.131
19.156176,919.328,0.000,923.459,4.131
19.207506,912.605,0.000,916.736,4.131
19.258641,905.882,0.000,910.013,4.131
19.309923,899.160,0.000,903.291,4.131
19.361172,892.437,0.000,896.568,4.131
19.412084,885.714,0.000,889.845,4.131
19.462872,878.992,0.000,883.123,4.131
19.513826,872.269,0.000,876.400,4.131
19.565182,865.546,0.000,869.677,4.131
19.616198,858.824,0.000,862.955,4.131
19.667394,852.101,0.000,856.232,4.131
19.718653,845.378,0.000,849.509,4.131
19.770025,838.655,0.000,842.787,4.131
19.821395,831.933,0.000,836.064,4.131
19.872639,825.210,0.000,829.341,4.131
19.923901,818.487,0.000,822.619,4.131
19.974647,811.765,0.000,815.896,4.131
20.026021,805.042,0.000,809.173,4.131
20.077453,798.319,0.000,802.450,4.131
20.128833,791.597,0.000,795.728,4.131
20.179818,784.874,0.000,789.005,4.131
20.230781,778.151,0.000,782.282,4.131
20.281878,771.429,0.000,775.560,4.131
20.333626,764.706,0.000,768.837,4.131
20.385023,757.983,0.000,762.114,4.131
20.436440,751.261,0.000,755.392,4.131
20.488796,744.538,0.000,748.669,4.131
20.540121,737.815,0.000,741.946,4.131
20.591643,731.092,0.000,735.224,4.131
20.642981,724.370,0.000,728.501,4.131
20.693725,717.647,0.000,721.778,4.131
20.744545,710.924,0.000,715.056,4.131
20.796096,704.202,0.000,708.333,4.131
20.847096,697.479,0.000,701.610,4.131
20.898369,690.756,0.000,694.887,4.131
20.949655,684.034,0.000,688.165,4.131
21.000679,677.311,0.000,681.442,4.131
21.051656,670.588,0.000,674.719,4.131
21.102631,663.866,0.000,667.997,4.131
21.153546,657.143,0.000,661.274,4.131
21.204778,650.420,0.000,654.551,4.131
21.255913,643.697,0.000,647.829,4.131
21.307242,636.975,0.000,641.106,4.131
21.358588,630.252,0.000,634.383,4.131
21.409871,623.529,0.000,627.661,4.131
21.461592,616.807,0.000,620.938,4.131
21.512441,610.084,0.000,614.215,4.131
21.563396,603.361,0.000,607.492,4.131
21.614802,596.639,0.000,600.770,4.131
21.665805,589.916,0.000,594.047,4.131
21.717005,583.193,0.000,587.324,4.131
21.767697,576.471,0.000,580.602,4.131
21.818980,569.748,0.000,573.879,4.131
21.869745,563.025,0.000,567.156,4.131
21.921006,556.303,0.000,560.434,4.131
21.972293,549.580,0.000,553.711,4.131
22.023682,542.857,0.000,546.988,4.131
22.075485,536.134,0.000,540.266,4.131
22.126573,529.412,0.000,533.543,4.131
22.178160,522.689,0.000,526.820,4.131
22.229638,515.966,0.000,520.098,4.131
22.280860,509.244,0.000,513.375,4.131
22.332244,502.521,0.000,506.652,4.131
22.383557,495.798,0.000,499.929,4.131
22.434633,489.076,0.000,493.207,4.131
22.485861,482.353,0.000,486.484,4.131
22.537266,475.630,0.000,479.761,4.131
22.588136,468.908,0.000,473.039,4.131
22.639237,462.185,0.000,466.316,4.131
22.690747,455.462,0.000,459.593,4.131
22.741716,448.739,0.000,452.871,4.131
22.793764,442.017,0.000,446.148,4.131
22.845069,435.294,0.000,439.425,4.131
22.896321,428.571,0.000,432.703,4.131
22.947358,421.849,0.000,425.980,4.131
22.998381,415.126,0.000,419.257,4.131
23.049337,408.403,0.000,412.534,4.131
23.100397,401.681,0.000,405.812,4.131
23.151582,394.958,0.000,399.089,4.131
23.203450,388.235,0.000,392.366,4.131
23.254430,381.513,0.000,385.644,4.131
23.305655,374.790,0.000,378.921,4.131
23.356836,368.067,0.000,372.198,4.131
23.408388,361.345,0.000,365.476,4.131
23.459822,354.622,0.000,358.753,4.131
23.511276,347.899,0.000,352.030,4.131
23.562608,341.176,0.000,345.308,4.131
23.614357,334.454,0.000,338.585,4.131
23.665571,327.731,0.000,331.862,4.131
23.716568,321.008,0.000,325.140,4.131
23.767400,314.286,0.000,318.417,4.131
23.818236,307.563,0.000,311.694,4.131
23.869775,300.840,0.000,304.971,4.131
23.920916,294.118,0.000,298.249,4.131
23.971906,287.395,0.000,291.526,4.131
24.023054,280.672,0.000,284.803,4.131
24.074087,273.950,0.000,278.081,4.131
24.125174,267.227,0.000,271.358,4.131
24.176644,260.504,0.000,264.635,4.131
24.227555,253.782,0.000,257.913,4.131
24.278442,247.059,0.000,251.190,4.131
24.329786,240.336,0.000,244.467,4.131
24.381301,233.613,0.000,237.745,4.131
24.432392,226.891,0.000,231.022,4.131
24.483653,220.168,0.000,224.299,4.131
24.534802,213.445,0.000,217.577,4.131
24.585963,206.723,0.000,210.854,4.131
24.636951,200.000,0.000,204.131,4.131
24.688381,200.000,400.000,200.000,400.000
24.689207,200.000,0.000,200.000,4.131
24.715652,206.723,0.000,203.961,4.131
24.741575,213.445,0.000,209.720,4.131
24.767550,220.168,0.000,216.135,4.131
24.793411,226.891,0.000,222.777,4.131
24.819461,233.613,0.000,229.482,4.131
24.845380,240.336,0.000,236.205,4.131
24.871774,247.059,0.000,242.928,4.131
24.898219,253.782,0.000,249.650,4.131
24.924206,260.504,0.000,256.373,4.131
24.950761,267.227,0.000,263.096,4.131
24.976867,273.950,0.000,269.818,4.131
25.002941,280.672,0.000,276.541,4.131
25.029193,287.395,0.000,283.264,4.131
25.055586,294.118,0.000,289.987,4.131
25.081859,300.840,0.000,296.709,4.131
25.107661,307.563,0.000,303.432,4.131
25.133960,314.286,0.000,310.155,4.131
25.159772,321.008,0.000,316.877,4.131
25.186018,327.731,0.000,323.600,4.131
25.212320,334.454,0.000,330.323,4.131
25.238127,341.176,0.000,337.045,4.131
25.264040,347.899,0.000,343.768,4.131
25.290309,354.622,0.000,350.491,4.131
25.316653,361.345,0.000,357.213,4.131
25.342967,368.067,0.000,363.936,4.131
25.370738,374.790,0.000,370.659,4.131
25.396562,381.513,0.000,377.381,4.131
25.422572,388.235,0.000,384.104,4.131
25.449109,394.958,0.000,390.827,4.131
25.475022,401.681,0.000,397.550,4.131
25.501536,408.403,0.000,404.272,4.131
25.528097,415.126,0.000,410.995,4.131
25.554523,421.849,0.000,417.718,4.131
25.580779,428.571,0.000,424.440,4.131
25.607089,435.294,0.000,431.163,4.131
25.633613,442.017,0.000,437.886,4.131
25.660010,448.739,0.000,444.608,4.131
25.686056,455.462,0.000,451.331,4.131
25.712618,462.185,0.000,458.054,4.131
25.738954,468.908,0.000,464.776,4.131
25.764972,475.630,0.000,471.499,4.131
25.790971,482.353,0.000,478.222,4.131
25.817584,489.076,0.000,484.944,4.131
25.843610,495.798,0.000,491.667,4.131
25.869993,502.521,0.000,498.390,4.131
25.896493,509.244,0.000,505.113,4.131
25.922359,515.966,0.000,511.835,4.131
25.948340,522.689,0.000,518.558,4.131
25.974626,529.412,0.000,525.281,4.131
26.001177,536.134,0.000,532.003,4.131
26.027605,542.857,0.000,538.726,4.131
26.054004,549.580,0.000,545.449,4.131
26.080200,556.303,0.000,552.171,4.131
26.106276,563.025,0.000,558.894,4.131
26.132754,569.748,0.000,565.617,4.131
26.158683,576.471,0.000,572.339,4.131
26.185938,583.193,0.000,579.062,4.131
26.211884,589.916,0.000,585.785,4.131
26.238629,596.639,0.000,592.508,4.131
26.264534,603.361,0.000,599.230,4.131
26.290696,610.084,0.000,605.953,4.131
26.316865,616.807,0.000,612.676,4.131
26.342927,623.529,0.000,619.398,4.131
26.369507,630.252,0.000,626.121,4.131
26.396305,636.975,0.000,632.844,4.131
26.422896,643.697,0.000,639.566,4.131
26.449233,650.420,0.000,646.289,4.131
26.475547,657.143,0.000,653.012,4.131
26.501470,663.866,0.000,659.734,4.131
26.527328,670.588,0.000,666.457,4.131
26.553144,677.311,0.000,673.180,4.131
26.579408,684.034,0.000,679.902,4.131
26.605716,690.756,0.000,686.625,4.131
26.632026,697.479,0.000,693.348,4.131
26.658427,704.202,0.000,700.071,4.131
26.684487,710.924,0.000,706.793,4.131
26.710721,717.647,0.000,713.516,4.131
26.736985,724.370,0.000,720.239,4.131
26.763088,731.092,0.000,726.961,4.131
26.789257,737.815,0.000,733.684,4.131
26.815093,744.538,0.000,740.407,4.131
26.841381,751.261,0.000,747.129,4.131
26.867315,757.983,0.000,753.852,4.131
26.893498,764.706,0.000,760.575,4.131
26.919575,771.429,0.000,767.297,4.131
26.946188,778.151,0.000,774.020,4.131
26.972198,784.874,0.000,780.743,4.131
26.998393,791.597,0.000,787.466,4.131
27.024676,798.319,0.000,794.188,4.131
27.050887,805.042,0.000,800.911,4.131
27.077137,811.765,0.000,807.634,4.131
27.103497,818.487,0.000,814.356,4.131
27.130016,825.210,0.000,821.079,4.131
27.156521,831.933,0.000,827.802,4.131
27.182681,838.655,0.000,834.524,4.131
27.208836,845.378,0.000,841.247,4.131
27.235037,852.101,0.000,847.970,4.131
27.260745,858.824,0.000,854.692,4.131
27.287146,865.546,0.000,861.415,4.131
27.313256,872.269,0.000,868.138,4.131
27.339281,878.992,0.000,874.860,4.131
27.365762,885.714,0.000,881.583,4.131
27.391906,892.437,0.000,888.306,4.131
27.418438,899.160,0.000,895.029,4.131
27.445060,905.882,0.000,901.751,4.131
27.471438,912.605,0.000,908.474,4.131
27.497470,919.328,0.000,915.197,4.131
27.523488,926.050,0.000,921.919,4.131
27.549562,932.773,0.000,928.642,4.131
27.575749,939.496,0.000,935.365,4.131
27.601777,946.218,0.000,942.087,4.131
27.628072,952.941,0.000,948.810,4.131
27.654903,959.664,0.000,955.533,4.131
27.681680,966.387,0.000,962.255,4.131
27.708269,973.109,0.000,968.978,4.131
27.734524,979.832,0.000,975.701,4.131
27.760744,986.555,0.000,982.423,4.131
27.786730,993.277,0.000,989.146,4.131
27.813010,1000.000,0.000,995.869,4.131
27.839291,1000.000,0.000,995.869,4.131
27.865293,993.277,0.000,992.590,4.131
27.891371,986.555,0.000,987.947,4.131
27.917690,979.832,0.000,982.448,4.131
27.944014,973.109,0.000,976.430,4.131
27.970309,966.387,0.000,970.104,4.131
27.996883,959.664,0.000,963.599,4.131
28.022955,952.941,0.000,956.983,4.131
28.049165,946.218,0.000,950.315,4.131
28.075493,939.496,0.000,943.619,4.131
28.101699,932.773,0.000,936.904,4.131
28.128283,926.050,0.000,930.182,4.131
28.154587,919.328,0.000,923.459,4.131
28.180775,912.605,0.000,916.736,4.131
28.207427,905.882,0.000,910.013,4.131
28.233971,899.160,0.000,903.291,4.131
28.260642,892.437,0.000,896.568,4.131
28.286729,885.714,0.000,889.845,4.131
28.312536,878.992,0.000,883.123,4.131
28.338720,872.269,0.000,876.400,4.131
28.365309,865.546,0.000,869.677,4.131
28.391650,858.824,0.000,862.955,4.131
28.418177,852.101,0.000,856.232,4.131
28.444109,845.378,0.000,849.509,4.131
28.470332,838.655,0.000,842.787,4.131
28.496697,831.933,0.000,836.064,4.131
28.522899,825.210,0.000,829.341,4.131
28.549037,818.487,0.000,822.619,4.131
28.575731,811.765,0.000,815.896,4.131
28.601849,805.042,0.000,809.173,4.131
28.628070,798.319,0.000,802.450,4.131
28.654248,791.597,0.000,795.728,4.131
28.680733,784.874,0.000,789.005,4.131
28.707116,778.151,0.000,782.282,4.131
28.733423,771.429,0.000,775.560,4.131
28.760000,764.706,0.000,768.837,4.131
28.786423,757.983,0.000,762.114,4.131
28.812382,751.261,0.000,755.392,4.131
28.838458,744.538,0.000,748.669,4.131
28.865083,737.815,0.000,741.946,4.131
28.891064,731.092,0.000,735.224,4.131
28.917572,724.370,0.000,728.501,4.131
28.943930,717.647,0.000,721.778,4.131
28.970052,710.924,0.000,715.056,4.131
28.996673,704.202,0.000,708.333,4.131
29.022947,697.479,0.000,701.610,4.131
29.049649,690.756,0.000,694.887,4.131
29.075933,684.034,0.000,688.165,4.131
29.101866,677.311,0.000,681.442,4.131
29.128247,670.588,0.000,674.719,4.131
29.154226,663.866,0.000,667.997,4.131
29.180677,657.143,0.000,661.274,4.131
29.206725,650.420,0.000,654.551,4.131
29.232996,643.697,0.000,647.829,4.131
29.259530,636.975,0.000,641.106,4.131
29.286627,630.252,0.000,634.383,4.131
29.313030,623.529,0.000,627.661,4.131
29.339224,616.807,0.000,620.938,4.131
29.365256,610.084,0.000,614.215,4.131
29.391105,603.361,0.000,607.492,4.131
29.417328,596.639,0.000,600.770,4.131
29.443366,589.916,0.000,594.047,4.131
29.471862,583.193,0.000,587.324,4.131
29.497896,576.471,0.000,580.602,4.131
29.524212,569.748,0.000,573.879,4.131
29.550501,563.025,0.000,567.156,4.131
29.576543,556.303,0.000,560.434,4.131
29.602710,549.580,0.000,553.711,4.131
29.629467,542.857,0.000,546.988,4.131
29.655587,536.134,0.000,540.266,4.131
29.681807,529.412,0.000,533.543,4.131
29.708434,522.689,0.000,526.820,4.131
29.734942,515.966,0.000,520.098,4.131
29.760940,509.244,0.000,513.375,4.131
29.787011,502.521,0.000,506.652,4.131
29.813181,495.798,0.000,499.929,4.131
29.839540,489.076,0.000,493.207,4.131
29.865800,482.353,0.000,486.484,4.131
29.892145,475.630,0.000,479.761,4.131
29.918343,468.908,0.000,473.039,4.131
29.944716,462.185,0.000,466.316,4.131
29.970586,455.462,0.000,459.593,4.131
29.997288,448.739,0.000,452.871,4.131
30.023357,442.017,0.000,446.148,4.131
30.050058,435.294,0.000,439.425,4.131
30.076334,428.571,0.000,432.703,4.131
30.102170,421.849,0.000,425.980,4.131
30.128035,415.126,0.000,419.257,4.131
30.154519,408.403,0.000,412.534,4.131
30.181088,401.681,0.000,405.812,4.131
30.207290,394.958,0.000,399.089,4.131
30.233683,388.235,0.000,392.366,4.131
30.259917,381.513,0.000,385.644,4.131
30.285828,374.790,0.000,378.921,4.131
30.312209,368.067,0.000,372.198,4.131
30.338407,361.345,0.000,365.476,4.131
30.364937,354.622,0.000,358.753,4.131
30.391891,347.899,0.000,352.030,4.131
30.418960,341.176,0.000,345.308,4.131
30.445700,334.454,0.000,338.585,4.131
30.471994,327.731,0.000,331.862,4.131
30.498141,321.008,0.000,325.140,4.131
30.524406,314.286,0.000,318.417,4.131
30.551054,307.563,0.000,311.694,4.131
30.577061,300.840,0.000,304.971,4.131
30.602945,294.118,0.000,298.249,4.131
30.628883,287.395,0.000,291.526,4.131
30.654884,280.672,0.000,284.803,4.131
30.681026,273.950,0.000,278.081,4.131
30.707149,267.227,0.000,271.358,4.131
30.733397,260.504,0.000,264.635,4.131
30.759973,253.782,0.000,257.913,4.131
30.786114,247.059,0.000,251.190,4.131
30.812633,240.336,0.000,244.467,4.131
30.838892,233.613,0.000,237.745,4.131
30.865155,226.891,0.000,231.022,4.131
30.891542,220.168,0.000,224.299,4.131
30.918253,213.445,0.000,217.577,4.131
30.944422,206.723,0.000,210.854,4.131
30.970697,200.000,0.000,204.131,4.131
30.997282,200.000,400.000,200.000,400.000
30.998298,200.000,0.000,200.000,4.131
31.049383,207.547,0.000,204.570,4.131
31.100600,215.094,0.000,211.258,4.131
31.152196,222.642,0.000,218.569,4.131
31.203264,230.189,0.000,226.062,4.131
31.254911,237.736,0.000,233.605,4.131
31.305992,245.283,0.000,241.152,4.131
31.357323,252.830,0.000,248.699,4.131
31.408167,260.377,0.000,256.246,4.131
31.459368,267.925,0.000,263.793,4.131
31.511111,275.472,0.000,271.341,4.131
31.562566,283.019,0.000,278.888,4.131
31.614038,290.566,0.000,286.435,4.131
31.665454,298.113,0.000,293.982,4.131
31.717102,305.660,0.000,301.529,4.131
31.768350,313.208,0.000,309.076,4.131
31.819641,320.755,0.000,316.624,4.131
31.870980,328.302,0.000,324.171,4.131
31.922086,335.849,0.000,331.718,4.131
31.973806,343.396,0.000,339.265,4.131
32.025367,350.943,0.000,346.812,4.131
32.076594,358.491,0.000,354.359,4.131
32.127737,366.038,0.000,361.907,4.131
32.179373,373.585,0.000,369.454,4.131
32.230319,381.132,0.000,377.001,4.131
32.281256,388.679,0.000,384.548,4.131
32.332404,396.226,0.000,392.095,4.131
32.384028,403.774,0.000,399.642,4.131
32.435543,411.321,0.000,407.190,4.131
32.486964,418.868,0.000,414.737,4.131
32.538508,426.415,0.000,422.284,4.131
32.590033,433.962,0.000,429.831,4.131
32.641737,441.509,0.000,437.378,4.131
32.692705,449.057,0.000,444.925,4.131
32.743690,456.604,0.000,452.473,4.131
32.794698,464.151,0.000,460.020,4.131
32.845852,471.698,0.000,467.567,4.131
32.896849,479.245,0.000,475.114,4.131
32.947726,486.792,0.000,482.661,4.131
32.998556,494.340,0.000,490.208,4.131
33.049437,501.887,0.000,497.756,4.131
33.100661,509.434,0.000,505.303,4.131
33.152234,516.981,0.000,512.850,4.131
33.203691,524.528,0.000,520.397,4.131
33.254579,532.075,0.000,527.944,4.131
33.305866,539.623,0.000,535.492,4.131
33.356973,547.170,0.000,543.039,4.131
33.408110,554.717,0.000,550.586,4.131
33.459585,562.264,0.000,558.133,4.131
33.510505,569.811,0.000,565.680,4.131
33.561503,577.358,0.000,573.227,4.131
33.612864,584.906,0.000,580.775,4.131
33.663673,592.453,0.000,588.322,4.131
33.715400,600.000,0.000,595.869,4.131
33.766455,607.547,0.000,603.416,4.131
33.817642,615.094,0.000,610.963,4.131
33.868909,622.642,0.000,618.510,4.131
33.920195,630.189,0.000,626.058,4.131
33.971263,637.736,0.000,633.605,4.131
34.022911,645.283,0.000,641.152,4.131
34.074323,652.830,0.000,648.699,4.131
34.125674,660.377,0.000,656.246,4.131
34.176411,667.925,0.000,663.793,4.131
34.227868,675.472,0.000,671.341,4.131
34.279214,683.019,0.000,678.888,4.131
34.330609,690.566,0.000,686.435,4.131
34.381682,698.113,0.000,693.982,4.131
34.432485,705.660,0.000,701.529,4.131
34.483686,713.208,0.000,709.076,4.131
34.535250,720.755,0.000,716.624,4.131
34.586218,728.302,0.000,724.171,4.131
34.637377,735.849,0.000,731.718,4.131
34.688516,743.396,0.000,739.265,4.131
34.739883,750.943,0.000,746.812,4.131
34.791009,758.491,0.000,754.359,4.131
34.842680,766.038,0.000,761.907,4.131
34.893753,773.585,0.000,769.454,4.131
34.945241,781.132,0.000,777.001,4.131
34.996778,788.679,0.000,784.548,4.131
35.047662,796.226,0.000,792.095,4.131
35.099111,803.774,0.000,799.642,4.131
35.150879,811.321,0.000,807.190,4.131
35.202034,818.868,0.000,814.737,4.131
35.253422,826.415,0.000,822.284,4.131
35.304871,833.962,0.000,829.831,4.131
35.355985,841.509,0.000,837.378,4.131
35.407340,849.057,0.000,844.925,4.131
35.459374,856.604,0.000,852.473,4.131
35.510921,864.151,0.000,860.020,4.131
35.561930,871.698,0.000,867.567,4.131
35.612836,879.245,0.000,875.114,4.131
35.663599,886.792,0.000,882.661,4.131
35.714699,894.340,0.000,890.208,4.131
35.766351,901.887,0.000,897.756,4.131
35.817531,909.434,0.000,905.303,4.131
35.868870,916.981,0.000,912.850,4.131
35.920151,924.528,0.000,920.397,4.131
35.971291,932.075,0.000,927.944,4.131
36.022430,939.623,0.000,935.492,4.131
36.073348,947.170,0.000,943.039,4.131
36.124350,954.717,0.000,950.586,4.131
36.175388,962.264,0.000,958.133,4.131
36.226483,969.811,0.000,965.680,4.131
36.277715,977.358,0.000,973.227,4.131
36.328790,984.906,0.000,980.775,4.131
36.380204,992.453,0.000,988.322,4.131
36.431349,1000.000,0.000,995.869,4.131
36.482374,1007.547,0.000,1003.416,4.131
36.533553,1015.094,0.000,1010.963,4.131
36.584534,1022.642,0.000,1018.510,4.131
36.636002,1030.189,0.000,1026.058,4.131
36.687437,1037.736,0.000,1033.605,4.131
36.738925,1045.283,0.000,1041.152,4.131
36.790003,1052.830,0.000,1048.699,4.131
36.841689,1060.377,0.000,1056.246,4.131
36.893353,1067.925,0.000,1063.793,4.131
36.944859,1075.472,0.000,1071.341,4.131
36.995741,1083.019,0.000,1078.888,4.131
37.046692,1090.566,0.000,1086.435,4.131
37.097688,1098.113,0.000,1093.982,4.131
37.149256,1105.660,0.000,1101.529,4.131
37.200307,1113.208,0.000,1109.076,4.131
37.251645,1120.755,0.000,1116.624,4.131
37.303234,1128.302,0.000,1124.171,4.131
37.354311,1135.849,0.000,1131.718,4.131
37.405640,1143.396,0.000,1139.265,4.131
37.456555,1150.943,0.000,1146.812,4.131
37.507787,1158.491,0.000,1154.359,4.131
37.559146,1166.038,0.000,1161.907,4.131
37.610621,1173.585,0.000,1169.454,4.131
37.662048,1181.132,0.000,1177.001,4.131
37.713387,1188.679,0.000,1184.548,4.131
37.764596,1196.226,0.000,1192.095,4.131
37.815799,1203.774,0.000,1199.642,4.131
37.867120,1211.321,0.000,1207.190,4.131
37.918143,1218.868,0.000,1214.737,4.131
37.969455,1226.415,0.000,1222.284,4.131
38.021129,1233.962,0.000,1229.831,4.131
38.072019,1241.509,0.000,1237.378,4.131
38.123615,1249.057,0.000,1244.925,4.131
38.175097,1256.604,0.000,1252.473,4.131
38.226843,1264.151,0.000,1260.020,4.131
38.277848,1271.698,0.000,1267.567,4.131
38.329581,1279.245,0.000,1275.114,4.131
38.380933,1286.792,0.000,1282.661,4.131
38.432335,1294.340,0.000,1290.208,4.131
38.483487,1301.887,0.000,1297.756,4.131
38.534920,1309.434,0.000,1305.303,4.131
38.585915,1316.981,0.000,1312.850,4.131
38.637394,1324.528,0.000,1320.397,4.131
38.688461,1332.075,0.000,1327.944,4.131
38.739705,1339.623,0.000,1335.492,4.131
38.791201,1347.170,0.000,1343.039,4.131
38.842402,1354.717,0.000,1350.586,4.131
38.893653,1362.264,0.000,1358.133,4.131
38.944949,1369.811,0.000,1365.680,4.131
38.995694,1377.358,0.000,1373.227,4.131
39.047074,1384.906,0.000,1380.775,4.131
39.098210,1392.453,0.000,1388.322,4.131
39.149344,1400.000,0.000,1395.869,4.131
39.200963,1400.000,0.000,1395.869,4.131
39.252442,1392.453,0.000,1392.187,4.131
39.303348,1384.906,0.000,1386.729,4.131
39.354741,1377.358,0.000,1380.304,4.131
39.406364,1369.811,0.000,1373.353,4.131
39.457196,1362.264,0.000,1366.119,4.131
39.508518,1354.717,0.000,1358.731,4.131
39.559488,1347.170,0.000,1351.260,4.131
39.610875,1339.623,0.000,1343.745,4.131
39.661826,1332.075,0.000,1336.207,4.131
39.713012,1324.528,0.000,1328.659,4.131
39.764098,1316.981,0.000,1321.112,4.131
39.815199,1309.434,0.000,1313.565,4.131
39.866026,1301.887,0.000,1306.018,4.131
39.917328,1294.340,0.000,1298.471,4.131
39.968680,1286.792,0.000,1290.924,4.131
40.020221,1279.245,0.000,1283.376,4.131
40.071341,1271.698,0.000,1275.829,4.131
40.122870,1264.151,0.000,1268.282,4.131
40.174590,1256.604,0.000,1260.735,4.131
40.226482,1249.057,0.000,1253.188,4.131
40.277859,1241.509,0.000,1245.641,4.131
40.328648,1233.962,0.000,1238.093,4.131
40.379931,1226.415,0.000,1230.546,4.131
40.434290,1218.868,0.000,1222.999,4.131
40.499060,1211.321,0.000,1215.452,4.131
40.550267,1203.774,0.000,1207.905,4.131
40.601612,1196.226,0.000,1200.358,4.131
40.653504,1188.679,0.000,1192.810,4.131
40.704937,1181.132,0.000,1185.263,4.131
40.756099,1173.585,0.000,1177.716,4.131
40.807977,1166.038,0.000,1170.169,4.131
40.859059,1158.491,0.000,1162.622,4.131
40.910557,1150.943,0.000,1155.075,4.131
40.961643,1143.396,0.000,1147.527,4.131
41.012543,1135.849,0.000,1139.980,4.131
41.063452,1128.302,0.000,1132.433,4.131
41.114466,1120.755,0.000,1124.886,4.131
41.165827,1113.208,0.000,1117.339,4.131
41.217142,1105.660,0.000,1109.792,4.131
41.268001,1098.113,0.000,1102.244,4.131
41.319596,1090.566,0.000,1094.697,4.131
41.370361,1083.019,0.000,1087.150,4.131
41.421223,1075.472,0.000,1079.603,4.131
41.472254,1067.925,0.000,1072.056,4.131
41.523607,1060.377,0.000,1064.508,4.131
41.575403,1052.830,0.000,1056.961,4.131
41.626517,1045.283,0.000,1049.414,4.131
41.678160,1037.736,0.000,1041.867,4.131
41.729606,1030.189,0.000,1034.320,4.131
41.781111,1022.642,0.000,1026.773,4.131
41.832513,1015.094,0.000,1019.225,4.131
41.883838,1007.547,0.000,1011.678,4.131
41.934954,1000.000,0.000,1004.131,4.131
41.986562,992.453,0.000,996.584,4.131
42.037698,984.906,0.000,989.037,4.131
42.089234,977.358,0.000,981.490,4.131
42.140521,969.811,0.000,973.942,4.131
42.191593,962.264,0.000,966.395,4.131
42.242577,954.717,0.000,958.848,4.131
42.293839,947.170,0.000,951.301,4.131
42.344807,939.623,0.000,943.754,4.131
42.395939,932.075,0.000,936.207,4.131
42.447116,924.528,0.000,928.659,4.131
42.498622,916.981,0.000,921.112,4.131
42.550096,909.434,0.000,913.565,4.131
42.601501,901.887,0.000,906.018,4.131
42.652745,894.340,0.000,898.471,4.131
42.704254,886.792,0.000,890.924,4.131
42.755873,879.245,0.000,883.376,4.131
42.807607,871.698,0.000,875.829,4.131
42.859003,864.151,0.000,868.282,4.131
42.910460,856.604,0.000,860.735,4.131
42.961424,849.057,0.000,853.188,4.131
43.012545,841.509,0.000,845.641,4.131
43.063643,833.962,0.000,838.093,4.131
43.114757,826.415,0.000,830.546,4.131
43.165604,818.868,0.000,822.999,4.131
43.217088,811.321,0.000,815.452,4.131
43.268673,803.774,0.000,807.905,4.131
43.320025,796.226,0.000,800.358,4.131
43.371743,788.679,0.000,792.810,4.131
43.422933,781.132,0.000,785.263,4.131
43.473837,773.585,0.000,777.716,4.131
43.524785,766.038,0.000,770.169,4.131
43.575953,758.491,0.000,762.622,4.131
43.627034,750.943,0.000,755.075,4.131
43.678274,743.396,0.000,747.527,4.131
43.729125,735.849,0.000,739.980,4.131
43.780303,728.302,0.000,732.433,4.131
43.831342,720.755,0.000,724.886,4.131
43.882520,713.208,0.000,717.339,4.131
43.933679,705.660,0.000,709.792,4.131
43.985238,698.113,0.000,702.244,4.131
44.036505,690.566,0.000,694.697,4.131
44.087725,683.019,0.000,687.150,4.131
44.139194,675.472,0.000,679.603,4.131
44.190643,667.925,0.000,672.056,4.131
44.241885,660.377,0.000,664.508,4.131
44.293342,652.830,0.000,656.961,4.131
44.345015,645.283,0.000,649.414,4.131
44.396189,637.736,0.000,641.867,4.131
44.447027,630.189,0.000,634.320,4.131
44.498466,622.642,0.000,626.773,4.131
44.549480,615.094,0.000,619.225,4.131
44.600471,607.547,0.000,611.678,4.131
44.651838,600.000,0.000,604.131,4.131
44.703206,592.453,0.000,596.584,4.131
44.754321,584.906,0.000,589.037,4.131
44.805540,577.358,0.000,581.490,4.131
44.857692,569.811,0.000,573.942,4.131
44.909076,562.264,0.000,566.395,4.131
44.960409,554.717,0.000,558.848,4.131
45.011693,547.170,0.000,551.301,4.131
45.062736,539.623,0.000,543.754,4.131
45.113758,532.075,0.000,536.207,4.131
45.165540,524.528,0.000,528.659,4.131
45.216783,516.981,0.000,521.112,4.131
45.268303,509.434,0.000,513.565,4.131
45.319663,501.887,0.000,506.018,4.131
45.370358,494.340,0.000,498.471,4.131
45.421155,486.792,0.000,490.924,4.131
45.472441,479.245,0.000,483.376,4.131
45.524310,471.698,0.000,475.829,4.131
45.575223,464.151,0.000,468.282,4.131
45.626252,456.604,0.000,460.735,4.131
45.677279,449.057,0.000,453.188,4.131
45.728749,441.509,0.000,445.641,4.131
45.779989,433.962,0.000,438.093,4.131
45.830911,426.415,0.000,430.546,4.131
45.882037,418.868,0.000,422.999,4.131
45.933300,411.321,0.000,415.452,4.131
45.984201,403.774,0.000,407.905,4.131
46.035334,396.226,0.000,400.358,4.131
46.086345,388.679,0.000,392.810,4.131
46.137678,381.132,0.000,385.263,4.131
46.189502,373.585,0.000,377.716,4.131
46.241274,366.038,0.000,370.169,4.131
46.292695,358.491,0.000,362.622,4.131
46.343601,350.943,0.000,355.075,4.131
46.394310,343.396,0.000,347.527,4.131
46.445833,335.849,0.000,339.980,4.131
46.497080,328.302,0.000,332.433,4.131
46.548425,320.755,0.000,324.886,4.131
46.599880,313.208,0.000,317.339,4.131
46.651260,305.660,0.000,309.792,4.131
46.702113,298.113,0.000,302.244,4.131
46.753304,290.566,0.000,294.697,4.131
46.804423,283.019,0.000,287.150,4.131
46.855771,275.472,0.000,279.603,4.131
46.906806,267.925,0.000,272.056,4.131
46.957980,260.377,0.000,264.508,4.131
47.009260,252.830,0.000,256.961,4.131
47.060781,245.283,0.000,249.414,4.131
47.112050,237.736,0.000,241.867,4.131
47.163065,230.189,0.000,234.320,4.131
47.214271,222.642,0.000,226.773,4.131
47.265787,215.094,0.000,219.225,4.131
47.316730,207.547,0.000,211.678,4.131
47.368015,200.000,0.000,204.131,4.131
47.419138,200.000,400.000,200.000,400.000
47.420130,200.000,0.000,200.000,4.131
47.446081,207.547,0.000,204.570,4.131
47.472434,215.094,0.000,211.258,4.131
47.499624,222.642,0.000,218.569,4.131
47.525701,230.189,0.000,226.062,4.131
47.551761,237.736,0.000,233.605,4.131
47.577545,245.283,0.000,241.152,4.131
47.603474,252.830,0.000,248.699,4.131
47.630000,260.377,0.000,256.246,4.131
47.656324,267.925,0.000,263.793,4.131
47.682672,275.472,0.000,271.341,4.131
47.708941,283.019,0.000,278.888,4.131
47.735453,290.566,0.000,286.435,4.131
47.761770,298.113,0.000,293.982,4.131
47.788756,305.660,0.000,301.529,4.131
47.814856,313.208,0.000,309.076,4.131
47.840970,320.755,0.000,316.624,4.131
47.867213,328.302,0.000,324.171,4.131
47.893477,335.849,0.000,331.718,4.131
47.920022,343.396,0.000,339.265,4.131
47.946565,350.943,0.000,346.812,4.131
47.972575,358.491,0.000,354.359,4.131
47.998591,366.038,0.000,361.907,4.131
48.024687,373.585,0.000,369.454,4.131
48.050733,381.132,0.000,377.001,4.131
48.077340,388.679,0.000,384.548,4.131
48.103325,396.226,0.000,392.095,4.131
48.129367,403.774,0.000,399.642,4.131
48.155572,411.321,0.000,407.190,4.131
48.181839,418.868,0.000,414.737,4.131
48.208005,426.415,0.000,422.284,4.131
48.234014,433.962,0.000,429.831,4.131
48.260322,441.509,0.000,437.378,4.131
48.286175,449.057,0.000,444.925,4.131
48.312584,456.604,0.000,452.473,4.131
48.338532,464.151,0.000,460.020,4.131
48.364833,471.698,0.000,467.567,4.131
48.391457,479.245,0.000,475.114,4.131
48.417540,486.792,0.000,482.661,4.131
48.443849,494.340,0.000,490.208,4.131
48.470756,501.887,0.000,497.756,4.131
48.496918,509.434,0.000,505.303,4.131
48.522851,516.981,0.000,512.850,4.131
48.549104,524.528,0.000,520.397,4.131
48.575255,532.075,0.000,527.944,4.131
48.601019,539.623,0.000,535.492,4.131
48.627453,547.170,0.000,543.039,4.131
48.653712,554.717,0.000,550.586,4.131
48.679694,562.264,0.000,558.133,4.131
48.705689,569.811,0.000,565.680,4.131
48.732058,577.358,0.000,573.227,4.131
48.758791,584.906,0.000,580.775,4.131
48.784933,592.453,0.000,588.322,4.131
48.811125,600.000,0.000,595.869,4.131
48.837343,607.547,0.000,603.416,4.131
48.863853,615.094,0.000,610.963,4.131
48.889848,622.642,0.000,618.510,4.131
48.916307,630.189,0.000,626.058,4.131
48.942136,637.736,0.000,633.605,4.131
48.968068,645.283,0.000,641.152,4.131
48.994013,652.830,0.000,648.699,4.131
49.020061,660.377,0.000,656.246,4.131
49.046343,667.925,0.000,663.793,4.131
49.072466,675.472,0.000,671.341,4.131
49.098860,683.019,0.000,678.888,4.131
49.125215,690.566,0.000,686.435,4.131
49.151297,698.113,0.000,693.982,4.131
49.177205,705.660,0.000,701.529,4.131
49.203959,713.208,0.000,709.076,4.131
49.230299,720.755,0.000,716.624,4.131
49.256499,728.302,0.000,724.171,4.131
49.282958,735.849,0.000,731.718,4.131
49.309515,743.396,0.000,739.265,4.131
49.336135,750.943,0.000,746.812,4.131
49.362510,758.491,0.000,754.359,4.131
49.389266,766.038,0.000,761.907,4.131
49.415559,773.585,0.000,769.454,4.131
49.441763,781.132,0.000,777.001,4.131
49.468509,788.679,0.000,784.548,4.131
49.494596,796.226,0.000,792.095,4.131
49.520607,803.774,0.000,799.642,4.131
49.546639,811.321,0.000,807.190,4.131
49.572670,818.868,0.000,814.737,4.131
49.598703,826.415,0.000,822.284,4.131
49.625510,833.962,0.000,829.831,4.131
49.651975,841.509,0.000,837.378,4.131
49.678255,849.057,0.000,844.925,4.131
49.704350,856.604,0.000,852.473,4.131
49.731081,864.151,0.000,860.020,4.131
49.757188,871.698,0.000,867.567,4.131
49.783145,879.245,0.000,875.114,4.131
49.809566,886.792,0.000,882.661,4.131
49.835656,894.340,0.000,890.208,4.131
49.862248,901.887,0.000,897.756,4.131
49.888646,909.434,0.000,905.303,4.131
49.915179,916.981,0.000,912.850,4.131
49.941192,924.528,0.000,920.397,4.131
49.968429,932.075,0.000,927.944,4.131
49.994558,939.623,0.000,935.492,4.131
50.021201,947.170,0.000,943.039,4.131
50.047425,954.717,0.000,950.586,4.131
50.073807,962.264,0.000,958.133,4.131
50.099947,969.811,0.000,965.680,4.131
50.126431,977.358,0.000,973.227,4.131
50.152260,984.906,0.000,980.775,4.131
50.178405,992.453,0.000,988.322,4.131
50.204896,1000.000,0.000,995.869,4.131
50.231751,1007.547,0.000,1003.416,4.131
50.257856,1015.094,0.000,1010.963,4.131
50.283961,1022.642,0.000,1018.510,4.131
50.310136,1030.189,0.000,1026.058,4.131
50.336577,1037.736,0.000,1033.605,4.131
50.362817,1045.283,0.000,1041.152,4.131
50.389069,1052.830,0.000,1048.699,4.131
50.415851,1060.377,0.000,1056.246,4.131
50.442565,1067.925,0.000,1063.793,4.131
50.469128,1075.472,0.000,1071.341,4.131
50.495606,1083.019,0.000,1078.888,4.131
50.521509,1090.566,0.000,1086.435,4.131
50.547970,1098.113,0.000,1093.982,4.131
50.574109,1105.660,0.000,1101.529,4.131
50.600292,1113.208,0.000,1109.076,4.131
50.626669,1120.755,0.000,1116.624,4.131
50.652677,1128.302,0.000,1124.171,4.131
50.679216,1135.849,0.000,1131.718,4.131
50.705459,1143.396,0.000,1139.265,4.131
50.732154,1150.943,0.000,1146.812,4.131
50.758468,1158.491,0.000,1154.359,4.131
50.784708,1166.038,0.000,1161.907,4.131
50.810748,1173.585,0.000,1169.454,4.131
50.836904,1181.132,0.000,1177.001,4.131
50.862978,1188.679,0.000,1184.548,4.131
50.889134,1196.226,0.000,1192.095,4.131
50.915169,1203.774,0.000,1199.642,4.131
50.941643,1211.321,0.000,1207.190,4.131
50.967873,1218.868,0.000,1214.737,4.131
50.994074,1226.415,0.000,1222.284,4.131
51.020601,1233.962,0.000,1229.831,4.131
51.046784,1241.509,0.000,1237.378,4.131
51.072579,1249.057,0.000,1244.925,4.131
51.098637,1256.604,0.000,1252.473,4.131
51.124987,1264.151,0.000,1260.020,4.131
51.150856,1271.698,0.000,1267.567,4.131
51.176880,1279.245,0.000,1275.114,4.131
51.203204,1286.792,0.000,1282.661,4.131
51.229671,1294.340,0.000,1290.208,4.131
51.255502,1301.887,0.000,1297.756,4.131
51.281361,1309.434,0.000,1305.303,4.131
51.307269,1316.981,0.000,1312.850,4.131
51.333309,1324.528,0.000,1320.397,4.131
51.359737,1332.075,0.000,1327.944,4.131
51.385843,1339.623,0.000,1335.492,4.131
51.411747,1347.170,0.000,1343.039,4.131
51.437896,1354.717,0.000,1350.586,4.131
51.465146,1362.264,0.000,1358.133,4.131
51.491432,1369.811,0.000,1365.680,4.131
51.517416,1377.358,0.000,1373.227,4.131
51.543199,1384.906,0.000,1380.775,4.131
51.569185,1392.453,0.000,1388.322,4.131
51.595576,1400.000,0.000,1395.869,4.131
51.622009,1400.000,0.000,1395.869,4.131
51.648052,1392.453,0.000,1392.187,4.131
51.674200,1384.906,0.000,1386.729,4.131
51.700294,1377.358,0.000,1380.304,4.131
51.726864,1369.811,0.000,1373.353,4.131
51.753100,1362.264,0.000,1366.119,4.131
51.779421,1354.717,0.000,1358.731,4.131
51.805555,1347.170,0.000,1351.260,4.131
51.831434,1339.623,0.000,1343.745,4.131
51.858143,1332.075,0.000,1336.207,4.131
51.885062,1324.528,0.000,1328.659,4.131
51.911683,1316.981,0.000,1321.112,4.131
51.937791,1309.434,0.000,1313.565,4.131
51.964006,1301.887,0.000,1306.018,4.131
51.990234,1294.340,0.000,1298.471,4.131
52.016349,1286.792,0.000,1290.924,4.131
52.042875,1279.245,0.000,1283.376,4.131
52.068956,1271.698,0.000,1275.829,4.131
52.095189,1264.151,0.000,1268.282,4.131
52.121200,1256.604,0.000,1260.735,4.131
52.147744,1249.057,0.000,1253.188,4.131
52.173634,1241.509,0.000,1245.641,4.131
52.199941,1233.962,0.000,1238.093,4.131
52.225860,1226.415,0.000,1230.546,4.131
52.252239,1218.868,0.000,1222.999,4.131
52.278304,1211.321,0.000,1215.452,4.131
52.304883,1203.774,0.000,1207.905,4.131
52.331553,1196.226,0.000,1200.358,4.131
52.357774,1188.679,0.000,1192.810,4.131
52.383699,1181.132,0.000,1185.263,4.131
52.410029,1173.585,0.000,1177.716,4.131
52.435803,1166.038,0.000,1170.169,4.131
52.462387,1158.491,0.000,1162.622,4.131
52.488575,1150.943,0.000,1155.075,4.131
52.515422,1143.396,0.000,1147.527,4.131
52.541588,1135.849,0.000,1139.980,4.131
52.567337,1128.302,0.000,1132.433,4.131
52.593636,1120.755,0.000,1124.886,4.131
52.619540,1113.208,0.000,1117.339,4.131
52.645792,1105.660,0.000,1109.792,4.131
52.671880,1098.113,0.000,1102.244,4.131
52.697901,1090.566,0.000,1094.697,4.131
52.724483,1083.019,0.000,1087.150,4.131
52.750539,1075.472,0.000,1079.603,4.131
52.776491,1067.925,0.000,1072.056,4.131
52.802693,1060.377,0.000,1064.508,4.131
52.828811,1052.830,0.000,1056.961,4.131
52.855334,1045.283,0.000,1049.414,4.131
52.881284,1037.736,0.000,1041.867,4.131
52.907171,1030.189,0.000,1034.320,4.131
52.933942,1022.642,0.000,1026.773,4.131
52.959779,1015.094,0.000,1019.225,4.131
52.986217,1007.547,0.000,1011.678,4.131
53.012013,1000.000,0.000,1004.131,4.131
53.038063,992.453,0.000,996.584,4.131
53.064317,984.906,0.000,989.037,4.131
53.090916,977.358,0.000,981.490,4.131
53.117347,969.811,0.000,973.942,4.131
53.143877,962.264,0.000,966.395,4.131
53.170407,954.717,0.000,958.848,4.131
53.196423,947.170,0.000,951.301,4.131
53.223157,939.623,0.000,943.754,4.131
53.249535,932.075,0.000,936.207,4.131
53.275456,924.528,0.000,928.659,4.131
53.301326,916.981,0.000,921.112,4.131
53.327451,909.434,0.000,913.565,4.131
53.353384,901.887,0.000,906.018,4.131
53.380023,894.340,0.000,898.471,4.131
53.406294,886.792,0.000,890.924,4.131
53.432421,879.245,0.000,883.376,4.131
53.458677,871.698,0.000,875.829,4.131
53.485181,864.151,0.000,868.282,4.131
53.511026,856.604,0.000,860.735,4.131
53.537376,849.057,0.000,853.188,4.131
53.563858,841.509,0.000,845.641,4.131
53.590177,833.962,0.000,838.093,4.131
53.616087,826.415,0.000,830.546,4.131
53.642534,818.868,0.000,822.999,4.131
53.668928,811.321,0.000,815.452,4.131
53.694972,803.774,0.000,807.905,4.131
53.720790,796.226,0.000,800.358,4.131
53.747334,788.679,0.000,792.810,4.131
53.773365,781.132,0.000,785.263,4.131
53.800510,773.585,0.000,777.716,4.131
53.826780,766.038,0.000,770.169,4.131
53.853375,758.491,0.000,762.622,4.131
53.879026,750.943,0.000,755.075,4.131
53.905236,743.396,0.000,747.527,4.131
53.931733,735.849,0.000,739.980,4.131
53.957656,728.302,0.000,732.433,4.131
53.983605,720.755,0.000,724.886,4.131
54.009690,713.208,0.000,717.339,4.131
54.036177,705.660,0.000,709.792,4.131
54.062690,698.113,0.000,702.244,4.131
54.088648,690.566,0.000,694.697,4.131
54.115162,683.019,0.000,687.150,4.131
54.141338,675.472,0.000,679.603,4.131
54.167264,667.925,0.000,672.056,4.131
54.193565,660.377,0.000,664.508,4.131
54.219685,652.830,0.000,656.961,4.131
54.246006,645.283,0.000,649.414,4.131
54.272084,637.736,0.000,641.867,4.131
54.298055,630.189,0.000,634.320,4.131
54.324444,622.642,0.000,626.773,4.131
54.350814,615.094,0.000,619.225,4.131
54.378640,607.547,0.000,611.678,4.131
54.404477,600.000,0.000,604.131,4.131
54.430825,592.453,0.000,596.584,4.131
54.456805,584.906,0.000,589.037,4.131
54.483023,577.358,0.000,581.490,4.131
54.509546,569.811,0.000,573.942,4.131
54.535862,562.264,0.000,566.395,4.131
54.561858,554.717,0.000,558.848,4.131
54.587684,547.170,0.000,551.301,4.131
54.613967,539.623,0.000,543.754,4.131
54.639875,532.075,0.000,536.207,4.131
54.666324,524.528,0.000,528.659,4.131
54.692635,516.981,0.000,521.112,4.131
54.719002,509.434,0.000,513.565,4.131
54.745581,501.887,0.000,506.018,4.131
54.772189,494.340,0.000,498.471,4.131
54.798454,486.792,0.000,490.924,4.131
54.824458,479.245,0.000,483.376,4.131
54.850736,471.698,0.000,475.829,4.131
54.876527,464.151,0.000,468.282,4.131
54.902719,456.604,0.000,460.735,4.131
54.928833,449.057,0.000,453.188,4.131
54.955425,441.509,0.000,445.641,4.131
54.981811,433.962,0.000,438.093,4.131
55.007735,426.415,0.000,430.546,4.131
55.033782,418.868,0.000,422.999,4.131
55.059720,411.321,0.000,415.452,4.131
55.085936,403.774,0.000,407.905,4.131
55.111930,396.226,0.000,400.358,4.131
55.138131,388.679,0.000,392.810,4.131
55.164264,381.132,0.000,385.263,4.131
55.190663,373.585,0.000,377.716,4.131
55.217369,366.038,0.000,370.169,4.131
55.244305,358.491,0.000,362.622,4.131
55.270816,350.943,0.000,355.075,4.131
55.297312,343.396,0.000,347.527,4.131
55.323775,335.849,0.000,339.980,4.131
55.349946,328.302,0.000,332.433,4.131
55.375829,320.755,0.000,324.886,4.131
55.402152,313.208,0.000,317.339,4.131
55.428060,305.660,0.000,309.792,4.131
55.454177,298.113,0.000,302.244,4.131
55.480500,290.566,0.000,294.697,4.131
55.506193,283.019,0.000,287.150,4.131
55.532607,275.472,0.000,279.603,4.131
55.558800,267.925,0.000,272.056,4.131
55.584853,260.377,0.000,264.508,4.131
55.610935,252.830,0.000,256.961,4.131
55.637490,245.283,0.000,249.414,4.131
55.664043,237.736,0.000,241.867,4.131
55.690243,230.189,0.000,234.320,4.131
55.716065,222.642,0.000,226.773,4.131
55.742393,215.094,0.000,219.225,4.131
55.768872,207.547,0.000,211.678,4.131
55.795195,200.000,0.000,204.131,4.131
